{"all":{"num":4076900,"occurs":{"*":-0.14541699985850354,"the":-3.7917368395536437,".":-2.28765944277737,"__UNSEEN__":-4.484884020113589},"bigrams":{"*":{"*":-0.16941815195804644,"the":-3.650658241293738,".":-2.146580844517464,"__UNSEEN__":-4.343805421853683},"the":{"*":-0.4054651081081644,"__UNSEEN__":-1.0986122886681098},".":{"*":-0.40546510810816416,"__UNSEEN__":-1.0986122886681096}}},"good":{"num":15949,"occurs":{"*":-0.10668826550600485,"the":-2.900211166156212,".":-3.07883586106884,"__UNSEEN__":-8.680954681948542},"bigrams":{"*":{"*":-0.11498486364529192,"the":-2.8605336109331674,".":-2.972147595562835,"__UNSEEN__":-8.574266416442537},"the":{"*":-0.4054651081081646,"__UNSEEN__":-1.09861228866811},".":{"*":-0.7738050835773995,"the":-3.250743563716223,"__UNSEEN__":-0.6931471805599445}}}}